data,Chuva,Tmax,Tmin,Qg,UR,u2
2023-10-01,0.0001517799999817271,29.458478399999997,19.06644705,20.20708569,70.07874041000001,1.65354348
2023-10-02,0.0001517799999817271,31.223062199999998,15.36851175,24.91968399,55.51181118,1.4173229999999999
2023-10-03,0.0001517799999817271,36.36620445,17.89789095,17.69369993,57.086614340000004,2.6574805200000005
2023-10-04,21.92539715999999,27.6789405,21.637484099999998,7.483070279999999,84.64566964000001,2.3031498000000004
2023-10-05,14.378937820000004,23.9275977,16.9312152,9.52519621,87.00787438000002,1.7125986
2023-10-06,0.5769512199999838,33.13398255,18.70113975,17.53661332,79.52755937,2.0078742000000003
2023-10-07,6.303745660000004,28.61998065,20.44222425,10.78188909,74.80314989000001,2.83464588
2023-10-08,19.82419920000001,21.784888799999997,18.0036378,3.8700782499999997,90.15748070000001,2.3031498000000004
2023-10-09,0.0001517799999817271,26.7603315,13.85387505,26.01929026,77.95275621000002,1.1220474
2023-10-10,0.0001517799999817271,31.233743699999998,13.6370406,26.80472331,64.96063014,2.3031498000000004
2023-10-11,0.0001517799999817271,35.679384,19.8194928,22.720471449999998,58.661417500000006,3.6614175600000003
2023-10-12,3.4815484000000083,24.7030746,17.461017599999998,10.62480248,81.88976411000002,2.95275612
2023-10-13,2.925348939999992,24.530034299999997,14.40931305,20.3641723,77.55905542,2.77559076
2023-10-14,0.0001517799999817271,28.22049255,14.978637,22.24921162,72.44094515,2.893701
2023-10-15,0.0001517799999817271,32.968419299999994,18.9393372,23.5059045,67.32283488000002,3.1889766
2023-10-16,0.0001517799999817271,37.37881065,21.94617945,25.548030429999997,61.417323030000006,3.8385829200000003
2023-10-17,5.21881338,30.812892599999998,19.6165443,9.21102299,77.16535463000001,4.2519687600000005
2023-10-18,7.958610719999996,29.5353852,18.95322315,17.53661332,78.34645700000002,3.24803172
2023-10-19,0.2130182399999967,24.74900505,19.793857199999998,7.01181045,82.28346490000001,3.36614196
2023-10-20,13.122339039999986,28.250400749999997,17.7195099,20.20708569,81.88976411000002,2.1850395600000003
2023-10-21,0.5151512799999978,32.910739199999995,20.1420741,26.33346348,72.44094515,2.1259844400000003
2023-10-22,0.0001517799999817271,32.49736515,20.3920212,23.977164329999997,63.385826980000004,2.893701
2023-10-23,0.0001517799999817271,33.4747224,19.336689,16.90826688,66.53543330000001,3.07086636
2023-10-24,16.184869399999997,23.380704899999998,20.07050805,3.8700782499999997,88.97637833000002,1.83070884
2023-10-25,7.203278119999993,28.62425325,18.1659966,20.04999908,82.67716569000001,1.4173229999999999
2023-10-26,0.0001517799999817271,30.316202849999996,17.30399955,24.60551077,73.22834673000001,1.3582678799999999
2023-10-27,13.136072359999986,24.2394975,19.0696515,2.7704719799999995,87.00787438000002,3.12992148
2023-10-28,73.76868016,23.54199555,18.6060744,9.3681096,93.30708702000001,3.5433073200000003
2023-10-29,95.63899226000001,31.53603015,18.72250275,18.007873149999998,88.97637833000002,2.3622049200000004
2023-10-30,12.229673239999983,28.415964,17.14164075,7.483070279999999,88.58267754,3.4251970800000002
2023-10-31,41.227578419999986,26.3202537,17.38945155,11.72440875,90.55118149000002,1.47637812
2023-11-01,2.286749560000004,29.1188067,19.2469644,17.06535349,87.40157517000002,1.83070884
2023-11-02,9.33194272,25.12285755,19.6742244,5.44094435,90.94488228000002,2.5984254000000004
2023-11-03,134.76522094,22.50802635,16.6855407,11.41023553,89.37007912000001,3.36614196
2023-11-04,9.30447608,22.012404749999998,11.7998226,24.76259738,73.22834673000001,2.1850395600000003
2023-11-05,0.0001517799999817271,28.15640355,9.309964950000001,31.360235,66.53543330000001,1.59448836
2023-11-06,0.0001517799999817271,31.545643499999997,14.0984814,29.7893689,58.661417500000006,1.77165372
2023-11-07,0.0001517799999817271,33.0175542,18.3924444,28.689762629999997,57.086614340000004,2.5984254000000004
2023-11-08,0.0001517799999817271,34.39226325,19.506524849999998,25.0767706,57.874015920000005,2.3622049200000004
2023-11-09,0.0001517799999817271,28.6573659,21.13865805,3.0846451999999998,83.46456727000002,2.5984254000000004
2023-11-10,33.13178628,33.23652495,19.743654149999998,26.01929026,77.95275621000002,2.83464588
2023-11-11,0.0001517799999817271,35.27882775,23.6370609,27.433069749999998,66.92913409,3.12992148
2023-11-12,0.0001517799999817271,35.82999315,23.692604699999997,24.76259738,62.99212619,2.4212600400000004
2023-11-13,16.452669139999983,28.737477149999997,22.720588199999998,12.19566858,74.80314989000001,2.77559076
2023-11-14,27.77579148000001,24.69132495,18.5590758,3.5559050299999995,90.55118149000002,3.1889766
2023-11-15,37.169382359999986,30.47001645,18.94895055,19.10747942,85.43307122000002,3.4251970800000002
2023-11-16,2.9734155600000065,33.75778215,23.603948250000002,18.007873149999998,77.16535463000001,2.83464588
2023-11-17,0.0001517799999817271,34.53753165,24.2672694,20.835432129999997,71.65354357000001,2.77559076
2023-11-18,0.0001517799999817271,31.90561005,20.4732006,14.86614095,68.11023646000001,3.6614175600000003
2023-11-19,0.4052847199999974,31.558461299999998,17.165140049999998,27.118896529999997,73.62204752000001,2.4212600400000004
2023-11-20,0.0001517799999817271,28.8944952,19.5695457,20.04999908,74.40944910000002,2.4803151600000004
2023-11-21,0.0001517799999817271,32.2762581,20.6932395,27.118896529999997,76.77165384000001,2.2440946800000003
2023-11-22,0.0001517799999817271,32.5240689,22.30935045,18.63621959,79.92126016000002,2.4212600400000004
2023-11-23,53.86909947999999,25.4828241,21.96540615,6.69763723,93.30708702000001,1.47637812
2023-11-24,4.181947719999982,28.0207485,20.32472775,17.06535349,81.88976411000002,2.2440946800000003
2023-11-25,0.0001517799999817271,24.91136385,16.7709927,18.95039281,73.62204752000001,2.7165356400000005
2023-11-26,0.6044178599999839,23.5152918,18.2343582,10.31062926,88.97637833000002,2.1850395600000003
2023-11-27,25.228260619999986,23.4255672,20.0886666,5.7551175699999995,93.30708702000001,2.0078742000000003
2023-11-28,23.010329439999992,26.3736612,20.7381018,11.25314892,92.91338623000001,2.0078742000000003
2023-11-29,4.648880599999984,32.6586558,20.15809635,26.33346348,85.43307122000002,1.65354348
2023-11-30,0.1924182599999824,34.143384299999994,23.30700255,26.33346348,78.74015779000001,1.47637812
2023-12-01,0.0001517799999817271,34.57171245,22.9021737,27.90432958,77.16535463000001,1.53543324
2023-12-02,0.0001517799999817271,34.53539535,22.78147275,24.91968399,77.95275621000002,2.1259844400000003
2023-12-03,0.858484279999999,33.7844859,21.52319205,23.19173128,81.88976411000002,2.0078742000000003
2023-12-04,21.19066454,30.083346149999997,21.33733395,19.73582586,86.61417359000001,1.77165372
2023-12-05,0.0001517799999817271,29.17755495,22.3360542,12.98110163,90.15748070000001,2.4803151600000004
2023-12-06,5.541546399999987,29.6870625,22.5924102,18.16495976,87.00787438000002,2.1850395600000003
2023-12-07,1.696216800000002,26.4783399,20.81607675,5.598030959999999,92.91338623000001,1.47637812
2023-12-08,19.79673256000001,30.587512949999997,18.85922595,25.39094382,81.88976411000002,1.3582678799999999
2023-12-09,3.8798146800000097,31.8575433,18.05811345,27.90432958,79.13385858000001,1.94881908
2023-12-10,15.415803479999994,27.11816175,19.6101354,5.598030959999999,90.94488228000002,2.4212600400000004
2023-12-11,35.15058432000001,29.445660599999997,19.0311981,28.06141619,82.28346490000001,1.29921276
2023-12-12,0.0001517799999817271,32.31364335,19.335620849999998,30.260628729999997,76.37795305000002,1.88976396
2023-12-13,0.0001517799999817271,31.81161285,21.5840766,26.17637687,76.37795305000002,2.2440946800000003
2023-12-14,0.0001517799999817271,33.7716681,22.32003195,24.60551077,76.77165384000001,2.0669293200000003
2023-12-15,0.0001517799999817271,36.022260149999994,23.355069299999997,29.31810907,69.68503962000001,2.3031498000000004
2023-12-16,0.0001517799999817271,36.4740876,23.30700255,31.04606178,64.96063014,1.77165372
2023-12-17,0.0001517799999817271,35.85776505,22.7483601,30.103542119999997,68.11023646000001,2.4212600400000004
2023-12-18,0.0001517799999817271,35.50313925,23.71503585,28.689762629999997,68.89763804,1.77165372
2023-12-19,0.0001517799999817271,32.3958909,21.4174452,23.19173128,79.52755937,1.59448836
2023-12-20,0.0001517799999817271,29.035491,22.2548748,15.023227559999999,83.07086648,1.77165372
2023-12-21,7.127744860000007,32.6137935,20.7359655,28.37558941,72.83464594000002,1.53543324
2023-12-22,0.0001517799999817271,34.374104700000004,21.665256,30.103542119999997,69.68503962000001,1.4173229999999999
2023-12-23,10.252075160000004,30.462539399999997,21.7272087,18.007873149999998,83.46456727000002,1.7125986
2023-12-24,0.2473515399999826,26.959007399999997,19.635771,12.19566858,90.15748070000001,1.29921276
2023-12-25,1.8816166199999884,25.909015949999997,21.5904855,8.73976316,90.55118149000002,1.88976396
2023-12-26,27.74832484000001,29.7426063,20.1826638,30.417715339999997,75.98425226,1.4173229999999999
2023-12-27,0.0001517799999817271,31.96115385,15.05447565,32.45984126999999,63.385826980000004,1.24015764
2023-12-28,0.0001517799999817271,33.0047364,18.71609385,31.51732161,70.07874041000001,2.0669293200000003
2023-12-29,0.0001517799999817271,29.546066699999997,20.0908029,10.31062926,83.07086648,2.1850395600000003
2023-12-30,0.0001517799999817271,29.71590255,16.88101215,26.96180992,78.34645700000002,1.77165372
2023-12-31,0.0001517799999817271,30.97631955,17.8605057,24.291337549999998,74.01574831,1.47637812
2024-01-01,0.0001517799999817271,33.4832676,20.0010783,28.846849239999997,69.29133883000002,1.65354348
2024-01-02,0.0001517799999817271,30.442244549999998,21.20701965,16.75118027,81.88976411000002,1.29921276
2024-01-03,24.80939436,32.8060605,20.2809336,27.90432958,75.98425226,1.59448836
2024-01-04,0.0001517799999817271,32.715267749999995,20.2360713,28.2185028,72.04724436000001,1.83070884
2024-01-05,0.0001517799999817271,33.61892265,20.19227715,29.003935849999998,68.50393725,1.65354348
2024-01-06,0.0001517799999817271,34.3142883,20.90152875,29.161022459999998,67.32283488000002,2.1850395600000003
2024-01-07,0.0001517799999817271,36.65246865,22.27944225,28.53267602,64.17322856000001,1.94881908
2024-01-08,0.0001517799999817271,36.80841855,22.81992615,26.01929026,64.96063014,1.65354348
2024-01-09,0.0001517799999817271,37.277336399999996,21.8169333,20.67834552,70.86614199000002,2.6574805200000005
2024-01-10,18.23800073999999,34.15086135,20.1164385,26.6476367,72.83464594000002,2.3622049200000004
2024-01-11,2.7124824800000056,30.20938785,23.830396049999997,15.651574,76.77165384000001,1.94881908
2024-01-12,4.394814179999997,33.87741495,20.293751399999998,24.60551077,75.19685068000001,1.29921276
2024-01-13,0.0001517799999817271,34.148725049999996,22.57211535,26.49055009,74.01574831,2.2440946800000003
2024-01-14,0.0001517799999817271,34.78320615,23.317684049999997,25.39094382,71.65354357000001,2.1259844400000003
2024-01-15,1.9090832599999885,30.146366999999998,22.69388445,9.21102299,86.22047280000001,1.77165372
2024-01-16,17.139335139999986,33.585809999999995,21.6609834,21.62086518,84.25196885000001,2.3622049200000004
2024-01-17,0.0001517799999817271,29.475568799999998,22.220693999999998,13.29527485,83.07086648,2.1850395600000003
2024-01-18,0.0001517799999817271,34.55889465,22.78147275,21.9350384,79.52755937,2.5393702800000004
2024-01-19,21.540864199999987,32.19401055,22.9833531,13.76653468,86.22047280000001,1.53543324
2024-01-20,1.6893501399999877,30.902617199999998,22.5603657,15.96574722,87.79527596000001,1.18110252
2024-01-21,11.412540699999994,33.00153195,21.7677984,25.0767706,78.74015779000001,1.47637812
2024-01-22,20.442198599999983,28.1980614,20.3428863,13.45236146,85.82677201000001,2.7165356400000005
2024-01-23,5.699479580000002,28.21194735,18.29097015,20.67834552,81.10236253000001,2.4803151600000004
2024-01-24,1.0026841399999853,29.38904865,17.6981469,26.80472331,76.37795305000002,2.5984254000000004
2024-01-25,0.0001517799999817271,29.191440899999996,16.1215575,26.96180992,70.4724412,2.4212600400000004
2024-01-26,1.5382836199999872,29.2598025,16.13330715,28.689762629999997,65.35433093000002,2.2440946800000003
2024-01-27,0.8172843199999988,29.80349085,16.9888953,26.01929026,67.32283488000002,2.4212600400000004
2024-01-28,0.0001517799999817271,31.727228999999998,16.4612292,28.37558941,68.11023646000001,2.0669293200000003
2024-01-29,0.0001517799999817271,33.384997799999994,18.4650786,28.37558941,63.77952777000001,1.7125986
2024-01-30,0.0001517799999817271,34.6582326,19.22453325,29.161022459999998,59.842519870000004,1.4173229999999999
2024-01-31,0.0001517799999817271,35.4721629,19.8365832,28.37558941,57.086614340000004,1.59448836
2024-02-01,0.0001517799999817271,35.1132645,20.97416295,27.275983139999997,63.385826980000004,2.0669293200000003
2024-02-02,0.0001517799999817271,34.9914954,21.60437145,27.433069749999998,64.96063014,2.4803151600000004
